{
  "items": [
    {
      "id": "dn_1768897285997_c71370",
      "title": "제목 없음",
      "summary": null,
      "code": "// 'api:API01'는 default response 응답값입니다. \nvar res = JSON.parse(userMap.get('api:API01'))\nvar data = res.body;\n\nconsole.log(data);\n",
      "sampleCtx": "{\n  \"name\": \"봉춘\"\n}\n",
      "tags": [],
      "status": "DRAFT",
      "createdAt": "2026-01-20T08:21:25.997Z",
      "updatedAt": "2026-01-20T08:21:25.997Z"
    },
    {
      "id": "dn_1768897254152_695a98",
      "title": "제목 없음",
      "summary": null,
      "code": "// 'api:API01'는 default response 응답값입니다. \nvar res = JSON.parse(userMap.get('api:API01'))\nvar data = res.body;\n\nconsole.log(data);\n",
      "sampleCtx": "{\n  \"name\": \"봉춘\"\n}\n",
      "tags": [],
      "status": "DRAFT",
      "createdAt": "2026-01-20T08:20:54.152Z",
      "updatedAt": "2026-01-20T08:20:54.152Z"
    },
    {
      "id": "dn_1768895480274_ffad14",
      "title": "제목 없냐공?",
      "summary": null,
      "code": "// 'api:API01'는 default response 응답값입니다. \nvar res = JSON.parse(userMap.get('api:API01'))\nvar data = res.body;\n\nconsole.log(data);\n",
      "sampleCtx": "{\n  \"name\": \"봉춘\"\n}\n",
      "createdAt": "2026-01-20T07:51:20.274Z",
      "updatedAt": "2026-01-20T07:58:46.979Z"
    },
    {
      "id": "dn_1768895446074_c5daef",
      "title": "동적노드 템플릿 테스트 좀 할게요 2",
      "summary": null,
      "code": "// 'api:API01'는 default response 응답값입니다. \nvar res = JSON.parse(userMap.get('api:API01'))\nvar data = res.body;\n\nconsole.log(data);\n",
      "sampleCtx": "{\n  \"name\": \"봉춘\"\n}\n",
      "tags": [],
      "status": "DRAFT",
      "createdAt": "2026-01-20T07:50:46.074Z",
      "updatedAt": "2026-01-20T07:50:46.074Z"
    },
    {
      "id": "dn_1768895428630_e29984",
      "title": "동적노드 템플릿 테스트 좀 할게요",
      "summary": null,
      "code": "// 'api:API01'는 default response 응답값입니다. \nvar res = JSON.parse(userMap.get('api:API01'))\nvar data = res.body;\n\nconsole.log(data);\n",
      "sampleCtx": "{\n  \"name\": \"봉춘\"\n}\n",
      "tags": [],
      "status": "DRAFT",
      "createdAt": "2026-01-20T07:50:28.630Z",
      "updatedAt": "2026-01-20T07:50:28.630Z"
    },
    {
      "id": "dn_1768888892584_3f35c3",
      "title": "제목 없음",
      "summary": "테스트 새 글",
      "code": "// main(ctx, api) 형태로 작성해 보세요\nvar res = JSON.parse(userMap.get('api:API01'))\nvar api = res.body;\n\nconsole.log(api);\n",
      "sampleCtx": "{\n  \"name\": \"봉춘\"\n}\n",
      "tags": [],
      "status": "DRAFT",
      "createdAt": "2026-01-20T06:01:32.584Z",
      "updatedAt": "2026-01-20T06:01:32.584Z"
    },
    {
      "id": "dn_1768797643860_9f45ea",
      "title": "제목 없음",
      "summary": null,
      "code": "// main(ctx, api) 형태로 작성해 보세요\nfunction main(ctx, api) {\n  api.log(\"hello\");\n  return { ok: true, ctx };\n}\n",
      "sampleCtx": "{\n  \"name\": \"봉춘\"\n}\n",
      "tags": [],
      "status": "DRAFT",
      "createdAt": "2026-01-19T04:40:43.860Z",
      "updatedAt": "2026-01-19T04:40:43.860Z"
    },
    {
      "id": "dn_1768797603745_3e1ce1",
      "title": "ctx 동적 저작 가이드",
      "summary": null,
      "code": "var res = JSON.parse(userMap.get('api:API01'))\nvar api = res.body;\n\nconsole.log(api);\n",
      "sampleCtx": "{\n  \"name\": \"봉춘\"\n}\n",
      "createdAt": "2026-01-19T04:40:03.745Z",
      "updatedAt": "2026-01-20T05:26:22.349Z"
    }
  ]
}